name,commonName,longName,population,populaiton formatted,population year
Afghanistan,Afghanistan,Islamic Emirate of Afghanistan,35000000,"""35 Million – 50 Million""",(2024 estimate)
Albania,Albania,Republic of Albania,2335930,"""2.34 Million""",(2026 census)
Algeria,Algeria,People's Democratic Republic of Algeria,47400000,"""47.4 Million""",(2025 estimate)
Åland Islands,Åland,,30654,"""31,000""",(2024 estimate)
American Samoa,American Samoa,,43268,"""43,000""",(2025 estimate)
Andorra,Andorra,Principality of Andorra,90021,"""90,000""",(2026 estimate)
Angola,Angola,Republic of Angola,36604681,"""36.6 Million""",(2024 census)
Anguilla,Anguilla,,16010,"""16,000""",(2024 estimate)
Antigua and Barbuda,Antigua and Barbuda,,106365,"""106,000""",(2026 estimate)
Argentina,Argentina,Argentine Republic,46735004,"""46.7 Million""",(2025 estimate)
Armenia,Armenia,Republic of Armenia,3100100,"""3.1 Million""",(2026 estimate)
Aruba,Aruba,,108880,"""109,000""",(2025 census)
Australia,Australia,Commonwealth of Australia,27801023,"""27.8 Million""",(2025 estimate)
Austria,Austria,Republic of Austria,9219113,"""9.22 Million""",(2026 estimate)
Azerbaijan,Azerbaijan,Republic of Azerbaijan,10353296,"""10.4 Million""",(2022 estimate)
"Bahamas, The",The Bahamas,Commonwealth of The Bahamas,398165,"""398,000""",(2022 census)
Bahrain,Bahrain,Kingdom of Bahrain,1501635,"""1.5 Million""",(2020 census)
Bangladesh,Bangladesh,People's Republic of Bangladesh,175423000,"""175 Million""",(2026 estimate)
Barbados,Barbados,,281998,"""282,000""",(2023 estimate)
Belarus,Belarus,Republic of Belarus,9109280,"""9.11 Million""",(2025 estimate)
Belgium,Belgium,Kingdom of Belgium,11867634,"""11.9 Million""",(2026 census)
Belize,Belize,,397483,"""397,000""",(2022 census)
Benin,Benin,Republic of Benin,15170420,"""15.2 Million""",(2026 estimate)
Bermuda,Bermuda,,63913,"""64,000""",(2019 estimate)
Bhutan,Bhutan,Kingdom of Bhutan,727145,"""727,000""",(2022 census)
Bolivia,Bolivia,Plurinational State of Bolivia,11365333,"""11.4 Million""",(2024 census)
Bosnia and Herzegovina,Bosnia and Herzegovina,,3412000,"""3.41 Million""",(2023 estimate)
Botswana,Botswana,Republic of Botswana,2359609,"""2.36 Million""",(2022 census)
Brazil,Brazil,Federative Republic of Brazil,214211951,"""214 Million""",(2026 estimate)
British Indian Ocean Territory,British Indian Ocean Territory,,2000,"""2,000 military personnel and contractors""",(2018 estimate)
Brunei,Brunei,Brunei Darussalam,458600,"""459,000""",(2025 estimate)
Bulgaria,Bulgaria,Republic of Bulgaria,6423207,"""6.42 Million""",(2025 estimate)
Burkina Faso,Burkina Faso,,22489126,"""22.5 Million""",(2023 estimate)
Burundi,Burundi,Republic of Burundi,14151540,"""14.2 Million""",(2024 estimate)
Cambodia,Cambodia,Kingdom of Cambodia,17638801,"""17.6 Million""",(2024 estimate)
Cameroon,Cameroon,Republic of Cameroon,30987821,"""31 Million""",(2025 estimate)
Canada,Canada,,41417056,"""41.4 Million""",(2026 estimate)
Canary Islands,Canary Islands,,2272734,"""2.27 Million""",(2026 estimate)
Cape Verde,Cape Verde,Republic of Cabo Verde,491233,"""491,000""",(2021 census)
Cayman Islands,Cayman Islands,,90577,"""91,000""",(2025 estimate)
Central African Republic,,Central African Republic,5513282,"""5.51 Million""",(2025 estimate)
Chad,Chad,Republic of Chad,20031602,"""20 Million""",(2026 estimate)
Chile,Chile,Republic of Chile,19629588,"""19.6 Million""",(2023 estimate)
China,China,People's Republic of China,1404890000,"""1.4 Billion""",(2025 estimate)
Christmas Island,Christmas Island,,1692,"""2,000""",(2021 census)
Cocos (Keeling) Islands,Cocos (Keeling) Islands,,593,"""593""",(2021 census)
Colombia,Colombia,Republic of Colombia,52695952,"""52.7 Million""",(2024 estimate)
Comoros,Comoros,Union of the Comoros,944388,"""944,000""",(2026 estimate)
"Congo, Republic of the",Congo,Republic of the Congo,6142180,"""6.14 Million""",(2023 census)
"Congo, Democratic Republic of the",,Democratic Republic of the Congo,116452000,"""116 Million""",(2026 estimate)
Cook Islands,The Cook Islands,Cook Islands,15040,"""15,000""",(2021 census)
Costa Rica,Costa Rica,Republic of Costa Rica,5160700,"""5.16 Million""",(2026 estimate)
Ivory Coast,Ivory Coast,Republic of Côte d'Ivoire,31500000,"""31.5 Million""",(2024 estimate)
Croatia,,Republic of Croatia,3874993,"""3.87 Million""",(2025 estimate)
Cuba,Cuba,Republic of Cuba,9434593,"""9.43 Million""",(2025 estimate)
Curaçao,Curaçao,,155826,"""156,000""",(2023 census)
Cyprus,Cyprus,Republic of Cyprus,1382000,"""1.38 Million""",(2026 census)
Czech Republic,Czechia,Czech Republic,10915839,"""10.9 Million""",(2025 estimate)
Denmark,Denmark,,6031699,"""6.03 Million""",(2026 estimate)
Djibouti,Djibouti,Republic of Djibouti,1066809,"""1.07 Million""",(2024 census)
Dominica,Dominica,Commonwealth of Dominica,71293,"""71,000""",(2011 census)
Dominican Republic,the Dominican Republic,Dominican Republic,11532151,"""11.5 Million""",(2025 estimate)
Ecuador,"ecuador",Republic of Ecuador,17483326,"""17.5 Million""",(2023 estimate)
Egypt,Egypt,Arab Republic of Egypt,120101175,"""120 Million""",(2026 estimate)
El Salvador,El Salvador,Republic of El Salvador,6029976,"""6.03 Million""",(2024 census)
England,,,56490048,"""56.5 Million""",(2021 census)
Equatorial Guinea,Equatorial Guinea,Republic of Equatorial Guinea,1795834,"""1.8 Million""",(2025 estimate)
Eritrea,Eritrea,State of Eritrea,3500000,"""3.5 Million – 6.4 Million""",(2024 estimate)
Estonia,Estonia,Republic of Estonia,1362954,"""1.36 Million""",(2026 estimate)
Ethiopia,Ethiopia,Federal Democratic Republic of Ethiopia የኢትዮጵያ ፌዴራላዊ ዴሞክራሲያዊ ሪፐብሊክ Yäʾityop̣p̣yawi Federalawi Demokrasiyawi Ripäblik,138902185,"""139 Million""",(2025 estimate)
Falkland Islands,Falkland Islands,,3662,"""4,000""",(2021 census)
Faroe Islands,Faroe Islands,,56210,"""56,000""",(2025 estimate)
Fiji,Fiji,Republic of Fiji,926276,"""926,000""",(2018 estimate)
Finland,Finland,Republic of Finland,5652881,"""5.65 Million""",(2025 census)
France,France,French Republic,69081996,"""69.1 Million / 66.8 Million Metropolitan France""",(2026 estimate)
French Guiana,French Guiana,,298554,"""299,000""",(2026 estimate)
French Polynesia,French Polynesia,,278786,"""279,000""",(2022 census)
French Southern Territories,French Southern and Antarctic Lands,,400,"""Officially 400~800 scientists and military personnel""",(2020 estimate)
Gabon,Gabon,Gabonese Republic,2647400,"""2.65 Million""",(2026 estimate)
"Gambia, The",The Gambia,Republic of The Gambia,2422712,"""2.42 Million""",(2024 census)
Georgia,Georgia,Georgia (country),3657000,"""3.66 Million""",(2024 census)
Germany,Germany,Federal Republic of Germany,83497147,"""83.5 Million""",(2025 estimate)
Ghana,Ghana,Republic of Ghana,35039451,"""35 Million""",(2025 estimate)
Gibraltar,Gibraltar,,37936,"""38,000""",(2024 estimate)
Greece,Greece,Hellenic Republic,10372335,"""10.4 Million""",(2025 estimate)
Greenland,Greenland,,56831,"""57,000""",(2025 estimate)
Grenada,Grenada,,114621,"""115,000""",(2024 estimate)
Guam,"[""Guam"",""Guåhan (Chamorro)""]",,168801,"""169,000""",(2021 estimate)
Guatemala,Guatemala,Republic of Guatemala,18636532,"""18.6 Million""",(2025 estimate)
Guernsey,Guernsey,,63950,"""64,000""",(2022 census)
Guinea,Guinea,Republic of Guinea,17521167,"""17.5 Million""",(2025 census)
Guinea-Bissau,Guinea-Bissau,Republic of Guinea-Bissau,2080000,"""2.08 Million""",(2023 estimate)
Guyana,Guyana,Co-operative Republic of Guyana,1025200,"""1.03 Million""",(2026 estimate)
Haiti,Haiti,Republic of Haiti,11906096,"""11.9 Million""",(2025 estimate)
Honduras,Honduras,Republic of Honduras,10186738,"""10.2 Million""",(2026 estimate)
Hong Kong,Hong Kong,,7498100,"""7.5 Million""",(2023 estimate)
Hungary,Hungary,,9489000,"""9.49 Million""",(2026 estimate)
Iceland,Iceland,,394324,"""394,000""",(2026 census)
India,India,Republic of India,1480000000,"""1.48 Billion""",(2026 estimate)
Indonesia,Indonesia,Republic of Indonesia,288315089,"""288 Million""",(2025 estimate)
Iran,Iran,Islamic Republic of Iran,92417681,"""92.4 Million""",(2025 estimate)
Iraq,,Republic of Iraq,46118793,"""46.1 Million""",(2024 census)
Ireland,Ireland,the Republic of Ireland,5458600,"""5.46 Million""",(2025 estimate)
Isle of Man,Isle of Man,,84523,"""85,000""",(2024 census)
Israel,Israel,State of Israel,10147200,"""10.1 Million""",(2026 estimate)
Italy,,Italian Republic,58934336,"""58.9 Million""",(2026 estimate)
Jamaica,Jamaica,,2824913,"""2.82 Million""",(2024 estimate)
Japan,Japan,,122950000,"""123 Million""",(2026 estimate)
Jersey,Bailiwick of Jersey,,104540,"""105,000""",(2024 estimate)
Jordan,Jordan,Hashemite Kingdom of Jordan,11484805,"""11.5 Million""",(2023 estimate)
Kazakhstan,Kazakhstan,Republic of Kazakhstan,20547909,"""20.5 Million""",(2026 estimate)
Kenya,Kenya,Republic of Kenya,54227015,"""54.2 Million""",(2026 estimate)
Kiribati,Kiribati,Republic of Kiribati,138000,"""138,000""",(2026 estimate)
North Korea,North Korea,Democratic People's Republic of Korea,25950000,"""26 Million""",(2024 estimate)
South Korea,South Korea,Republic of Korea,51106229,"""51.1 Million""",(2026 estimate)
Kosovo,Kosovo,Republic of Kosovo,1585566,"""1.59 Million""",(2024 census)
Kuwait,Kuwait,State of Kuwait,5118445,"""5.12 Million""",(2025 estimate)
Kyrgyzstan,Kyrgyzstan,Kyrgyz Republic,7500000,"""7.5 Million""",(2026 estimate)
Laos,Laos,Lao People's Democratic Republic,7545800,"""7.55 Million""",(2023 estimate)
Latvia,Latvia,Republic of Latvia,1842226,"""1.84 Million""",(2022 estimate)
Lebanon,Lebanon,Lebanese Republic,5364482,"""5.36 Million""",(2024 estimate)
Lesotho,Lesotho,Kingdom of Lesotho,2116427,"""2.12 Million""",(2024 estimate)
Liberia,Liberia,Republic of Liberia,5437249,"""5.44 Million""",(2024 estimate)
Libya,Libya,State of Libya,7361263,"""7.36 Million""",(2024 estimate)
Liechtenstein,Liechtenstein,Principality of Liechtenstein,41237,"""41,000""",(2025 estimate)
Lithuania,Lithuania,Republic of Lithuania,2897430,"""2.9 Million""",(2025 estimate)
Luxembourg,Luxembourg,Grand Duchy of Luxembourg,693916,"""694,000""",(2026 estimate)
Macao,Macau,,712651,"""713,000""",(2024 estimate)
North Macedonia,North Macedonia,Republic of North Macedonia,1836713,"""1.84 Million""",(2021 census)
Madagascar,Madagascar,Republic of Madagascar,31964956,"""32 Million""",(2024 estimate)
Malawi,Malawi,Republic of Malawi,21240689,"""21.2 Million""",(2024 estimate)
Malaysia,Malaysia,,34374300,"""34.4 Million""",(2026 estimate)
Maldives,Maldives,Republic of Maldives,601269,"""601,000""",(2024 estimate)
Mali,Mali,Republic of Mali,25200000,"""25.2 Million""",(2025 estimate)
Malta,Malta,Republic of Malta,588254,"""588,000""",(2025 census)
Marshall Islands,the Marshall Islands,Republic of the Marshall Islands,37548,"""38,000""",(2024 estimate)
Mauritania,Mauritania,Islamic Republic of Mauritania,5461319,"""5.46 Million""",(2026 estimate)
Mauritius,Mauritius,Republic of Mauritius,1235260,"""1.24 Million""",(2022 census)
Mexico,Mexico,United Mexican States,134407258,"""134 Million""",(2026 estimate)
"Micronesia, Federated States of",the Federated States of Micronesia,Federated States of Micronesia,75817,"""76,000""",(2023 census)
Moldova,Moldova,Republic of Moldova,2365645,"""2.37 Million""",(2026 estimate)
Monaco,,Principality of Monaco,38857,"""39,000""",(2025 census)
Mongolia,Mongolia,,3591120,"""3.59 Million""",(2025 estimate)
Montenegro,Montenegro,,622902,"""623,000""",(2026 estimate)
Montserrat,Montserrat,,4399,"""4,000""",(2024 estimate)
Morocco,Morocco,Kingdom of Morocco,36828330,"""36.8 Million""",(2024 census)
Mozambique,Mozambique,Republic of Mozambique,34881007,"""34.9 Million""",(2024 estimate)
Myanmar,Myanmar,Republic of the Union of Myanmar,55770232,"""55.8 Million""",(2022 estimate)
Namibia,Namibia,Republic of Namibia,3022401,"""3.02 Million""",(2025 census)
Nauru,Nauru,Republic of Naoero,12025,"""12,000""",(2025 estimate)
Nepal,Nepal,Federal Democratic Republic of Nepal,31122387,"""31.1 Million""",(2024 estimate)
Netherlands,Netherlands,,18130208,"""18.1 Million""",(2026 census)
New Caledonia,New Caledonia,,264596,"""265,000""",(2025 census)
New Zealand,New Zealand,,4993923,"""4.99 Million""",(2023 census)
Nicaragua,Nicaragua,Republic of Nicaragua,7097329,"""7.1 Million""",(2026 estimate)
Niger,Niger,Republic of the Niger,28814878,"""28.8 Million""",(2026 estimate)
Nigeria,Nigeria,Federal Republic of Nigeria,242747130,"""243 Million""",(2026 estimate)
Niue,Niue,,1681,"""2,000""",(2022 census)
Norfolk Island,Norfolk Island,,2188,"""2,000""",(2021 census)
Northern Ireland,,,1903175,"""1.9 Million""",(2021 census)
Northern Mariana Islands,Northern Mariana Islands,,46078,"""46,000""",(2022 estimate)
Norway,Norway,Kingdom of Norway,5633770,"""5.63 Million""",(2026 estimate)
Oman,Oman,Sultanate of Oman,5398645,"""5.4 Million""",(2026 estimate)
Pakistan,Pakistan,Islamic Republic of Pakistan,241499431,"""241 Million""",(2023 census)
Palau,,Republic of Palau,17663,"""18,000""",(2025 estimate)
Palestine,Palestine,State of Palestine,5483450,"""5.48 Million""",(2023 estimate)
Panama,Panama,Republic of Panama,4571189,"""4.57 Million""",(2025 estimate)
Papua New Guinea,Papua New Guinea,Independent State of Papua New Guinea,10185363,"""10.2 Million""",(2024 census)
Paraguay,Paraguay,Republic of Paraguay,6460159,"""6.46 Million""",(2026 estimate)
Peru,Peru,Republic of Peru,34157732,"""34.2 Million""",(2025 census)
Philippines,the Philippines,Republic of the Philippines,114849400,"""115 Million""",(2026 estimate)
Pitcairn Islands,Pitcairn Islands,,35,"""35""",(2023 estimate)
Poland,Poland,Republic of Poland,37314000,"""37.3 Million""",(2026 estimate)
Portugal,Portugal,Portuguese Republic,11424031,"""11.4 Million""",(2025 estimate)
Puerto Rico,Puerto Rico,,3184195,"""3.18 Million""",(2025 estimate)
Qatar,Qatar,State of Qatar,3214609,"""3.21 Million""",(2025 estimate)
Romania,,Romania,19041322,"""19 Million""",(2026 estimate)
Russia,Russia,Russian Federation,146028325,"""* 146 Million * (including Crimea) * 144 Million * (excluding Crimea)""",(2025 estimate)
Rwanda,Rwanda,Republic of Rwanda,14418145,"""14.4 Million""",(2026 estimate)
Saint Barthélemy,Saint Barthélemy,,10660,"""11,000""",(2023 census)
Saint Kitts and Nevis,Saint Kitts and Nevis,"[""Federation of Saint Christopher and Nevis"",""or"",""Federation of Saint Kitts and Nevis""]",54338,"""54,000""",(2023 census)
Saint Lucia,Saint Lucia,,184100,"""184,000""",(2023 estimate)
Saint Vincent and the Grenadines,Saint Vincent and the Grenadines,,109296,"""109,000""",(2023 census)
Samoa,Samoa,Independent State of Samoa,205557,"""206,000""",(2021 census)
San Marino,San Marino,Republic of San Marino,34172,"""34,000""",(2026 estimate)
Saudi Arabia,Saudi Arabia,Kingdom of Saudi Arabia,33702731,"""33.7 Million""",(2024 census)
Scotland,,,5439842,"""5.44 Million""",(2022 census)
Senegal,Senegal,Republic of Senegal,18847519,"""18.8 Million""",(2024 estimate)
Serbia,Serbia,Republic of Serbia,6532019,"""6.53 Million""",(2026 estimate)
Seychelles,Seychelles,Republic of Seychelles,121355,"""121,000""",(2024 estimate)
Sierra Leone,Sierra Leone,Republic of Sierra Leone,8460512,"""8.46 Million""",(2023 estimate)
Singapore,Singapore,Republic of Singapore,6110200,"""6.11 Million""",(2025 estimate)
Sint Maarten,Sint Maarten,,58477,"""58,000""",(2023 estimate)
Slovakia,Slovakia,Slovak Republic,5405368,"""5.41 Million""",(2026 estimate)
Slovenia,,Republic of Slovenia,2135107,"""2.14 Million""",(2025 estimate)
Solomon Islands,Solomon Islands,,828857,"""829,000""",(2025 estimate)
Somalia,Somalia,Federal Republic of Somalia,20305907,"""20.3 Million""",(2026 estimate)
South Africa,South Africa,Republic of South Africa,63015904,"""63 Million""",(2024 estimate)
South Georgia and the South Sandwich Islands,South Georgia and the South Sandwich Islands,,22,"""22 (summer) 19 (winter)""",(2020 estimate)
South Sudan,South Sudan,Republic of South Sudan,12703714,"""12.7 Million""",(2024 estimate)
Spain,Spain,Kingdom of Spain,49801559,"""49.8 Million""",(2026 census)
Sri Lanka,Sri Lanka,"[""Democratic Socialist Republic of"",""Sri Lanka""]",21756000,"""21.8 Million""",(2025 estimate)
Sudan,Sudan,Republic of the Sudan,51767437,"""51.8 Million""",(2025 estimate)
Suriname,Suriname,Republic of Suriname,632638,"""633,000""",(2022 estimate)
Eswatini,Eswatini,Kingdom of Eswatini,1236126,"""1.24 Million""",(2023 estimate)
Sweden,Sweden,Kingdom of Sweden,10610483,"""10.6 Million""",(2026 estimate)
Switzerland,Switzerland,Swiss Confederation,8327126,"""8.33 Million""",(2015 census)
Syria,Syria,Syrian Arab Republic,26657437,"""26.7 Million""",(2026 estimate)
São Tomé and Príncipe,São Tomé and Príncipe,Democratic Republic of Sao Tome and Principe,220372,"""220,000""",(2023 estimate)
Taiwan,Taiwan,Republic of China,23299132,"""23.3 Million""",(2025 estimate)
Tajikistan,Tajikistan,Republic of Tajikistan,10978599,"""11 Million""",(2026 estimate)
Tanzania,Tanzania,United Republic of Tanzania,67462121,"""67.5 Million""",(2024 estimate)
Thailand,Thailand,Kingdom of Thailand,65975198,"""66 Million""",(2024 estimate)
Timor-Leste,Timor-Leste,Democratic Republic of Timor-Leste,1434991,"""1.43 Million""",(2026 estimate)
Togo,Togo,Togolese Republic,9583381,"""9.58 Million""",(2024 estimate)
Tonga,Tonga,Kingdom of Tonga,100179,"""100,000""",(2021 census)
Trinidad and Tobago,Trinidad and Tobago,Republic of Trinidad and Tobago,1512779,"""1.51 Million""",(2025 estimate)
Tunisia,Tunisia,Republic of Tunisia,11972169,"""12 Million""",(2024 census)
Turkey,,Republic of Türkiye,86092168,"""86.1 Million""",(2025 estimate)
Turkmenistan,Turkmenistan,,7057841,"""7.06 Million""",(2022 census)
Turks and Caicos Islands,Turks and Caicos Islands,,50828,"""51,000""",(2024 estimate)
Tuvalu,Tuvalu,,10643,"""11,000""",(2022 census)
Uganda,Uganda,Republic of Uganda,45905417,"""45.9 Million""",(2024 census)
Ukraine,Ukraine,,32283000,"""32.3 Million""",(2026 estimate)
United Arab Emirates,UAE,United Arab Emirates,11027129,"""11 Million""",(2024 estimate)
United Kingdom,United Kingdom,United Kingdom of Great Britain and Northern Ireland,66912637,"""66.9 Million""",(2021 census)
United States of America,United States,United States of America,341784857,"""342 Million""",(2025 estimate)
Uruguay,Uruguay,Oriental Republic of Uruguay,3499451,"""3.5 Million""",(2023 census)
Uzbekistan,Uzbekistan,Republic of Uzbekistan,39047321,"""39 Million""",(2026 census)
Vanuatu,Vanuatu,Republic of Vanuatu,335908,"""336,000""",(2023 estimate)
Vatican City,Vatican City,Vatican City State,882,"""882""",(2024 estimate)
Venezuela,Venezuela,Bolivarian Republic of Venezuela,31800000,"""31.8 Million""",(2025 estimate)
Vietnam,Vietnam,Socialist Republic of Viet Nam,102300000,"""102 Million""",(2025 estimate)
"Virgin Islands, British",The Virgin Islands,,38984,"""39,000""",(2024 estimate)
"Virgin Islands, US",Virgin Islands of the United States,,87146,"""87,000""",(2020 census)
Wales,,,3107494,"""3.11 Million""",(2021 census)
Western Sahara,Western Sahara,,565581,"""566,000""",(2021 estimate)
Yemen,Yemen,Republic of Yemen,32684503,"""32.7 Million""",(2023 estimate)
Zambia,Zambia,Republic of Zambia,20216029,"""20.2 Million""",(2023 estimate)
Zimbabwe,Zimbabwe,Republic of Zimbabwe,17166852,"""17.2 Million""",(2026 estimate)
